ERwin Property Ids,1075850516::User Formatted Name  [read only],0::Object Type  [read only],1073742125::Definition,1073742126::Name,1075848986::Value
"1075839019::38","NULL",Default Value,"","NULL","NULL"
"1075839019::39","USER",Default Value,"","USER","USER"
"1075839019::40","CURRENT_TIMESTAMP",Default Value,"","CURRENT_TIMESTAMP","CURRENT_TIMESTAMP"
"1075839019::41","CURRENT_USER",Default Value,"","CURRENT_USER","CURRENT_USER"
"1075839019::42","SESSION_USER",Default Value,"","SESSION_USER","SESSION_USER"
"1075839019::43","SYSTEM_USER",Default Value,"","SYSTEM_USER","SYSTEM_USER"
"1075839019::11291","DF_Address_rowguid",Default Value,"","DF_Address_rowguid","newid()"
"1075839019::11293","DF_Address_ModifiedDate",Default Value,"","DF_Address_ModifiedDate","getdate()"
"1075839019::11315","DF_AddressType_rowguid",Default Value,"","DF_AddressType_rowguid","newid()"
"1075839019::11317","DF_AddressType_ModifiedDate",Default Value,"","DF_AddressType_ModifiedDate","getdate()"
"1075839019::11332","DF_AWBuildVersion_ModifiedDate",Default Value,"","DF_AWBuildVersion_ModifiedDate","getdate()"
"1075839019::11346","DF_BillOfMaterials_StartDate",Default Value,"","DF_BillOfMaterials_StartDate","getdate()"
"1075839019::11350","DF_BillOfMaterials_PerAssemblyQty",Default Value,"","DF_BillOfMaterials_PerAssemblyQty","1.00"
"1075839019::11352","DF_BillOfMaterials_ModifiedDate",Default Value,"","DF_BillOfMaterials_ModifiedDate","getdate()"
"1075839019::11374","DF_BusinessEntity_rowguid",Default Value,"","DF_BusinessEntity_rowguid","newid()"
"1075839019::11376","DF_BusinessEntity_ModifiedDate",Default Value,"","DF_BusinessEntity_ModifiedDate","getdate()"
"1075839019::11389","DF_BusinessEntityAddress_rowguid",Default Value,"","DF_BusinessEntityAddress_rowguid","newid()"
"1075839019::11391","DF_BusinessEntityAddress_ModifiedDate",Default Value,"","DF_BusinessEntityAddress_ModifiedDate","getdate()"
"1075839019::11412","DF_BusinessEntityContact_rowguid",Default Value,"","DF_BusinessEntityContact_rowguid","newid()"
"1075839019::11414","DF_BusinessEntityContact_ModifiedDate",Default Value,"","DF_BusinessEntityContact_ModifiedDate","getdate()"
"1075839019::11433","DF_ContactType_ModifiedDate",Default Value,"","DF_ContactType_ModifiedDate","getdate()"
"1075839019::11444","DF_CountryRegion_ModifiedDate",Default Value,"","DF_CountryRegion_ModifiedDate","getdate()"
"1075839019::11455","DF_CountryRegionCurrency_ModifiedDate",Default Value,"","DF_CountryRegionCurrency_ModifiedDate","getdate()"
"1075839019::11470","DF_CreditCard_ModifiedDate",Default Value,"","DF_CreditCard_ModifiedDate","getdate()"
"1075839019::11481","DF_Culture_ModifiedDate",Default Value,"","DF_Culture_ModifiedDate","getdate()"
"1075839019::11492","DF_Currency_ModifiedDate",Default Value,"","DF_Currency_ModifiedDate","getdate()"
"1075839019::11507","DF_CurrencyRate_ModifiedDate",Default Value,"","DF_CurrencyRate_ModifiedDate","getdate()"
"1075839019::11524","DF_Customer_rowguid",Default Value,"","DF_Customer_rowguid","newid()"
"1075839019::11526","DF_Customer_ModifiedDate",Default Value,"","DF_Customer_ModifiedDate","getdate()"
"1075839019::11555","DF_Department_ModifiedDate",Default Value,"","DF_Department_ModifiedDate","getdate()"
"1075839019::11577","DF_Document_FolderFlag",Default Value,"","DF_Document_FolderFlag","0"
"1075839019::11579","DF_Document_ChangeNumber",Default Value,"","DF_Document_ChangeNumber","0"
"1075839019::11583","DF_Document_rowguid",Default Value,"","DF_Document_rowguid","newid()"
"1075839019::11585","DF_Document_ModifiedDate",Default Value,"","DF_Document_ModifiedDate","getdate()"
"1075839019::11612","DF_EmailAddress_rowguid",Default Value,"","DF_EmailAddress_rowguid","newid()"
"1075839019::11614","DF_EmailAddress_ModifiedDate",Default Value,"","DF_EmailAddress_ModifiedDate","getdate()"
"1075839019::11647","DF_Employee_SalariedFlag",Default Value,"","DF_Employee_SalariedFlag","1"
"1075839019::11651","DF_Employee_VacationHours",Default Value,"","DF_Employee_VacationHours","0"
"1075839019::11655","DF_Employee_SickLeaveHours",Default Value,"","DF_Employee_SickLeaveHours","0"
"1075839019::11657","DF_Employee_CurrentFlag",Default Value,"","DF_Employee_CurrentFlag","1"
"1075839019::11659","DF_Employee_rowguid",Default Value,"","DF_Employee_rowguid","newid()"
"1075839019::11661","DF_Employee_ModifiedDate",Default Value,"","DF_Employee_ModifiedDate","getdate()"
"1075839019::11689","DF_EmployeeDepartmentHistory_ModifiedDate",Default Value,"","DF_EmployeeDepartmentHistory_ModifiedDate","getdate()"
"1075839019::11714","DF_EmployeePayHistory_ModifiedDate",Default Value,"","DF_EmployeePayHistory_ModifiedDate","getdate()"
"1075839019::11729","DF_ErrorLog_ErrorTime",Default Value,"","DF_ErrorLog_ErrorTime","getdate()"
"1075839019::11954","DF_Illustration_ModifiedDate",Default Value,"","DF_Illustration_ModifiedDate","getdate()"
"1075839019::11964","DF_JobCandidate_ModifiedDate",Default Value,"","DF_JobCandidate_ModifiedDate","getdate()"
"1075839019::11981","DF_Location_CostRate",Default Value,"","DF_Location_CostRate","0.00"
"1075839019::11985","DF_Location_Availability",Default Value,"","DF_Location_Availability","0.00"
"1075839019::11987","DF_Location_ModifiedDate",Default Value,"","DF_Location_ModifiedDate","getdate()"
"1075839019::12000","DF_Password_rowguid",Default Value,"","DF_Password_rowguid","newid()"
"1075839019::12002","DF_Password_ModifiedDate",Default Value,"","DF_Password_ModifiedDate","getdate()"
"1075839019::12046","DF_Person_NameStyle",Default Value,"","DF_Person_NameStyle","0"
"1075839019::12050","DF_Person_EmailPromotion",Default Value,"","DF_Person_EmailPromotion","0"
"1075839019::12052","DF_Person_rowguid",Default Value,"","DF_Person_rowguid","newid()"
"1075839019::12054","DF_Person_ModifiedDate",Default Value,"","DF_Person_ModifiedDate","getdate()"
"1075839019::12076","DF_PersonCreditCard_ModifiedDate",Default Value,"","DF_PersonCreditCard_ModifiedDate","getdate()"
"1075839019::12086","DF_PersonPhone_ModifiedDate",Default Value,"","DF_PersonPhone_ModifiedDate","getdate()"
"1075839019::12099","DF_PhoneNumberType_ModifiedDate",Default Value,"","DF_PhoneNumberType_ModifiedDate","getdate()"
"1075839019::12378","DF_Product_MakeFlag",Default Value,"","DF_Product_MakeFlag","1"
"1075839019::12380","DF_Product_FinishedGoodsFlag",Default Value,"","DF_Product_FinishedGoodsFlag","1"
"1075839019::12400","DF_Product_rowguid",Default Value,"","DF_Product_rowguid","newid()"
"1075839019::12402","DF_Product_ModifiedDate",Default Value,"","DF_Product_ModifiedDate","getdate()"
"1075839019::12422","DF_ProductCategory_rowguid",Default Value,"","DF_ProductCategory_rowguid","newid()"
"1075839019::12424","DF_ProductCategory_ModifiedDate",Default Value,"","DF_ProductCategory_ModifiedDate","getdate()"
"1075839019::12442","DF_ProductCostHistory_ModifiedDate",Default Value,"","DF_ProductCostHistory_ModifiedDate","getdate()"
"1075839019::12454","DF_ProductDescription_rowguid",Default Value,"","DF_ProductDescription_rowguid","newid()"
"1075839019::12456","DF_ProductDescription_ModifiedDate",Default Value,"","DF_ProductDescription_ModifiedDate","getdate()"
"1075839019::12467","DF_ProductDocument_ModifiedDate",Default Value,"","DF_ProductDocument_ModifiedDate","getdate()"
"1075839019::12484","DF_ProductInventory_Quantity",Default Value,"","DF_ProductInventory_Quantity","0"
"1075839019::12486","DF_ProductInventory_rowguid",Default Value,"","DF_ProductInventory_rowguid","newid()"
"1075839019::12488","DF_ProductInventory_ModifiedDate",Default Value,"","DF_ProductInventory_ModifiedDate","getdate()"
"1075839019::12501","DF_ProductListPriceHistory_ModifiedDate",Default Value,"","DF_ProductListPriceHistory_ModifiedDate","getdate()"
"1075839019::12517","DF_ProductModel_rowguid",Default Value,"","DF_ProductModel_rowguid","newid()"
"1075839019::12519","DF_ProductModel_ModifiedDate",Default Value,"","DF_ProductModel_ModifiedDate","getdate()"
"1075839019::12535","DF_ProductModelIllustration_ModifiedDate",Default Value,"","DF_ProductModelIllustration_ModifiedDate","getdate()"
"1075839019::12545","DF_ProductModelProductDescriptionCulture_ModifiedDate",Default Value,"","DF_ProductModelProductDescriptionCulture_ModifiedDate","getdate()"
"1075839019::12558","DF_ProductPhoto_ModifiedDate",Default Value,"","DF_ProductPhoto_ModifiedDate","getdate()"
"1075839019::12567","DF_ProductProductPhoto_Primary",Default Value,"","DF_ProductProductPhoto_Primary","0"
"1075839019::12569","DF_ProductProductPhoto_ModifiedDate",Default Value,"","DF_ProductProductPhoto_ModifiedDate","getdate()"
"1075839019::12583","DF_ProductReview_ReviewDate",Default Value,"","DF_ProductReview_ReviewDate","getdate()"
"1075839019::12587","DF_ProductReview_ModifiedDate",Default Value,"","DF_ProductReview_ModifiedDate","getdate()"
"1075839019::12603","DF_ProductSubcategory_rowguid",Default Value,"","DF_ProductSubcategory_rowguid","newid()"
"1075839019::12605","DF_ProductSubcategory_ModifiedDate",Default Value,"","DF_ProductSubcategory_ModifiedDate","getdate()"
"1075839019::12639","DF_ProductVendor_ModifiedDate",Default Value,"","DF_ProductVendor_ModifiedDate","getdate()"
"1075839019::12670","DF_PurchaseOrderDetail_ModifiedDate",Default Value,"","DF_PurchaseOrderDetail_ModifiedDate","getdate()"
"1075839019::12694","DF_PurchaseOrderHeader_RevisionNumber",Default Value,"","DF_PurchaseOrderHeader_RevisionNumber","0"
"1075839019::12698","DF_PurchaseOrderHeader_Status",Default Value,"","DF_PurchaseOrderHeader_Status","1"
"1075839019::12700","DF_PurchaseOrderHeader_OrderDate",Default Value,"","DF_PurchaseOrderHeader_OrderDate","getdate()"
"1075839019::12704","DF_PurchaseOrderHeader_SubTotal",Default Value,"","DF_PurchaseOrderHeader_SubTotal","0.00"
"1075839019::12708","DF_PurchaseOrderHeader_TaxAmt",Default Value,"","DF_PurchaseOrderHeader_TaxAmt","0.00"
"1075839019::12712","DF_PurchaseOrderHeader_Freight",Default Value,"","DF_PurchaseOrderHeader_Freight","0.00"
"1075839019::12714","DF_PurchaseOrderHeader_ModifiedDate",Default Value,"","DF_PurchaseOrderHeader_ModifiedDate","getdate()"
"1075839019::12841","DF_SalesOrderDetail_UnitPriceDiscount",Default Value,"","DF_SalesOrderDetail_UnitPriceDiscount","0.0"
"1075839019::12843","DF_SalesOrderDetail_rowguid",Default Value,"","DF_SalesOrderDetail_rowguid","newid()"
"1075839019::12845","DF_SalesOrderDetail_ModifiedDate",Default Value,"","DF_SalesOrderDetail_ModifiedDate","getdate()"
"1075839019::12884","DF_SalesOrderHeader_RevisionNumber",Default Value,"","DF_SalesOrderHeader_RevisionNumber","0"
"1075839019::12886","DF_SalesOrderHeader_OrderDate",Default Value,"","DF_SalesOrderHeader_OrderDate","getdate()"
"1075839019::12890","DF_SalesOrderHeader_Status",Default Value,"","DF_SalesOrderHeader_Status","1"
"1075839019::12892","DF_SalesOrderHeader_OnlineOrderFlag",Default Value,"","DF_SalesOrderHeader_OnlineOrderFlag","1"
"1075839019::12896","DF_SalesOrderHeader_SubTotal",Default Value,"","DF_SalesOrderHeader_SubTotal","0.00"
"1075839019::12900","DF_SalesOrderHeader_TaxAmt",Default Value,"","DF_SalesOrderHeader_TaxAmt","0.00"
"1075839019::12904","DF_SalesOrderHeader_Freight",Default Value,"","DF_SalesOrderHeader_Freight","0.00"
"1075839019::12906","DF_SalesOrderHeader_rowguid",Default Value,"","DF_SalesOrderHeader_rowguid","newid()"
"1075839019::12908","DF_SalesOrderHeader_ModifiedDate",Default Value,"","DF_SalesOrderHeader_ModifiedDate","getdate()"
"1075839019::12933","DF_SalesOrderHeaderSalesReason_ModifiedDate",Default Value,"","DF_SalesOrderHeaderSalesReason_ModifiedDate","getdate()"
"1075839019::12952","DF_SalesPerson_Bonus",Default Value,"","DF_SalesPerson_Bonus","0.00"
"1075839019::12956","DF_SalesPerson_CommissionPct",Default Value,"","DF_SalesPerson_CommissionPct","0.00"
"1075839019::12960","DF_SalesPerson_SalesYTD",Default Value,"","DF_SalesPerson_SalesYTD","0.00"
"1075839019::12964","DF_SalesPerson_SalesLastYear",Default Value,"","DF_SalesPerson_SalesLastYear","0.00"
"1075839019::12966","DF_SalesPerson_rowguid",Default Value,"","DF_SalesPerson_rowguid","newid()"
"1075839019::12968","DF_SalesPerson_ModifiedDate",Default Value,"","DF_SalesPerson_ModifiedDate","getdate()"
"1075839019::12983","DF_SalesPersonQuotaHistory_rowguid",Default Value,"","DF_SalesPersonQuotaHistory_rowguid","newid()"
"1075839019::12985","DF_SalesPersonQuotaHistory_ModifiedDate",Default Value,"","DF_SalesPersonQuotaHistory_ModifiedDate","getdate()"
"1075839019::12998","DF_SalesReason_ModifiedDate",Default Value,"","DF_SalesReason_ModifiedDate","getdate()"
"1075839019::13012","DF_SalesTaxRate_TaxRate",Default Value,"","DF_SalesTaxRate_TaxRate","0.00"
"1075839019::13014","DF_SalesTaxRate_rowguid",Default Value,"","DF_SalesTaxRate_rowguid","newid()"
"1075839019::13016","DF_SalesTaxRate_ModifiedDate",Default Value,"","DF_SalesTaxRate_ModifiedDate","getdate()"
"1075839019::13040","DF_SalesTerritory_SalesYTD",Default Value,"","DF_SalesTerritory_SalesYTD","0.00"
"1075839019::13044","DF_SalesTerritory_SalesLastYear",Default Value,"","DF_SalesTerritory_SalesLastYear","0.00"
"1075839019::13048","DF_SalesTerritory_CostYTD",Default Value,"","DF_SalesTerritory_CostYTD","0.00"
"1075839019::13052","DF_SalesTerritory_CostLastYear",Default Value,"","DF_SalesTerritory_CostLastYear","0.00"
"1075839019::13054","DF_SalesTerritory_rowguid",Default Value,"","DF_SalesTerritory_rowguid","newid()"
"1075839019::13056","DF_SalesTerritory_ModifiedDate",Default Value,"","DF_SalesTerritory_ModifiedDate","getdate()"
"1075839019::13073","DF_SalesTerritoryHistory_rowguid",Default Value,"","DF_SalesTerritoryHistory_rowguid","newid()"
"1075839019::13075","DF_SalesTerritoryHistory_ModifiedDate",Default Value,"","DF_SalesTerritoryHistory_ModifiedDate","getdate()"
"1075839019::13090","DF_ScrapReason_ModifiedDate",Default Value,"","DF_ScrapReason_ModifiedDate","getdate()"
"1075839019::13103","DF_Shift_ModifiedDate",Default Value,"","DF_Shift_ModifiedDate","getdate()"
"1075839019::13123","DF_ShipMethod_ShipBase",Default Value,"","DF_ShipMethod_ShipBase","0.00"
"1075839019::13127","DF_ShipMethod_ShipRate",Default Value,"","DF_ShipMethod_ShipRate","0.00"
"1075839019::13129","DF_ShipMethod_rowguid",Default Value,"","DF_ShipMethod_rowguid","newid()"
"1075839019::13131","DF_ShipMethod_ModifiedDate",Default Value,"","DF_ShipMethod_ModifiedDate","getdate()"
"1075839019::13150","DF_ShoppingCartItem_Quantity",Default Value,"","DF_ShoppingCartItem_Quantity","1"
"1075839019::13152","DF_ShoppingCartItem_DateCreated",Default Value,"","DF_ShoppingCartItem_DateCreated","getdate()"
"1075839019::13154","DF_ShoppingCartItem_ModifiedDate",Default Value,"","DF_ShoppingCartItem_ModifiedDate","getdate()"
"1075839019::13176","DF_SpecialOffer_DiscountPct",Default Value,"","DF_SpecialOffer_DiscountPct","0.00"
"1075839019::13180","DF_SpecialOffer_MinQty",Default Value,"","DF_SpecialOffer_MinQty","0"
"1075839019::13184","DF_SpecialOffer_rowguid",Default Value,"","DF_SpecialOffer_rowguid","newid()"
"1075839019::13186","DF_SpecialOffer_ModifiedDate",Default Value,"","DF_SpecialOffer_ModifiedDate","getdate()"
"1075839019::13200","DF_SpecialOfferProduct_rowguid",Default Value,"","DF_SpecialOfferProduct_rowguid","newid()"
"1075839019::13202","DF_SpecialOfferProduct_ModifiedDate",Default Value,"","DF_SpecialOfferProduct_ModifiedDate","getdate()"
"1075839019::13304","DF_StateProvince_IsOnlyStateProvinceFlag",Default Value,"","DF_StateProvince_IsOnlyStateProvinceFlag","1"
"1075839019::13306","DF_StateProvince_rowguid",Default Value,"","DF_StateProvince_rowguid","newid()"
"1075839019::13308","DF_StateProvince_ModifiedDate",Default Value,"","DF_StateProvince_ModifiedDate","getdate()"
"1075839019::13330","DF_Store_rowguid",Default Value,"","DF_Store_rowguid","newid()"
"1075839019::13332","DF_Store_ModifiedDate",Default Value,"","DF_Store_ModifiedDate","getdate()"
"1075839019::14649","DF_TransactionHistory_ReferenceOrderLineID",Default Value,"","DF_TransactionHistory_ReferenceOrderLineID","0"
"1075839019::14651","DF_TransactionHistory_TransactionDate",Default Value,"","DF_TransactionHistory_TransactionDate","getdate()"
"1075839019::14655","DF_TransactionHistory_ModifiedDate",Default Value,"","DF_TransactionHistory_ModifiedDate","getdate()"
"1075839019::14676","DF_TransactionHistoryArchive_ReferenceOrderLineID",Default Value,"","DF_TransactionHistoryArchive_ReferenceOrderLineID","0"
"1075839019::14678","DF_TransactionHistoryArchive_TransactionDate",Default Value,"","DF_TransactionHistoryArchive_TransactionDate","getdate()"
"1075839019::14682","DF_TransactionHistoryArchive_ModifiedDate",Default Value,"","DF_TransactionHistoryArchive_ModifiedDate","getdate()"
"1075839019::14697","DF_UnitMeasure_ModifiedDate",Default Value,"","DF_UnitMeasure_ModifiedDate","getdate()"
"1075839019::14715","DF_Vendor_PreferredVendorStatus",Default Value,"","DF_Vendor_PreferredVendorStatus","1"
"1075839019::14717","DF_Vendor_ActiveFlag",Default Value,"","DF_Vendor_ActiveFlag","1"
"1075839019::14719","DF_Vendor_ModifiedDate",Default Value,"","DF_Vendor_ModifiedDate","getdate()"
"1075839019::14742","DF_WorkOrder_ModifiedDate",Default Value,"","DF_WorkOrder_ModifiedDate","getdate()"
"1075839019::14775","DF_WorkOrderRouting_ModifiedDate",Default Value,"","DF_WorkOrderRouting_ModifiedDate","getdate()"
"1075839020::11348","CK_BillOfMaterials_PerAssemblyQty",Validation Rule,"","CK_BillOfMaterials_PerAssemblyQty"," >= 1.00"
"1075839020::11365","CK_BillOfMaterials_EndDate",Validation Rule,"","CK_BillOfMaterials_EndDate","[EndDate]>[StartDate] OR [EndDate] IS NULL"
"1075839020::11367","CK_BillOfMaterials_ProductAssemblyID",Validation Rule,"","CK_BillOfMaterials_ProductAssemblyID","[ProductAssemblyID]<>[ComponentID]"
"1075839020::11369","CK_BillOfMaterials_BOMLevel",Validation Rule,"","CK_BillOfMaterials_BOMLevel","[ProductAssemblyID] IS NULL AND [BOMLevel]=(0) AND [PerAssemblyQty]=(1.00) OR [ProductAssemblyID] IS NOT NULL AND [BOMLevel]>=(1)"
"1075839020::11581","CK_Document_Status",Validation Rule,"","CK_Document_Status"," BETWEEN 1 AND 3"
"1075839020::11639","CK_Employee_BirthDate",Validation Rule,"","CK_Employee_BirthDate"," BETWEEN '1930-01-01' AND 'dateadd(year,(-18),getdate'"
"1075839020::11641","CK_Employee_MaritalStatus",Validation Rule,"","CK_Employee_MaritalStatus","[]='S' OR []='M'"
"1075839020::11643","CK_Employee_Gender",Validation Rule,"","CK_Employee_Gender","[]='F' OR []='M'"
"1075839020::11645","CK_Employee_HireDate",Validation Rule,"","CK_Employee_HireDate"," BETWEEN '1996-07-01' AND 'dateadd(day,(1),getdate'"
"1075839020::11649","CK_Employee_VacationHours",Validation Rule,"","CK_Employee_VacationHours"," BETWEEN -40 AND 240"
"1075839020::11653","CK_Employee_SickLeaveHours",Validation Rule,"","CK_Employee_SickLeaveHours"," BETWEEN 0 AND 120"
"1075839020::11703","CK_EmployeeDepartmentHistory_EndDate",Validation Rule,"","CK_EmployeeDepartmentHistory_EndDate","[EndDate]>=[StartDate] OR [EndDate] IS NULL"
"1075839020::11710","CK_EmployeePayHistory_Rate",Validation Rule,"","CK_EmployeePayHistory_Rate"," BETWEEN 6.50 AND 200.00"
"1075839020::11712","CK_EmployeePayHistory_PayFrequency",Validation Rule,"","CK_EmployeePayHistory_PayFrequency","[]=2 OR []=1"
"1075839020::11979","CK_Location_CostRate",Validation Rule,"","CK_Location_CostRate"," >= 0.00"
"1075839020::11983","CK_Location_Availability",Validation Rule,"","CK_Location_Availability"," >= 0.00"
"1075839020::12044","CK_Person_PersonType",Validation Rule,"","CK_Person_PersonType","[PersonType] IS NULL OR (upper([PersonType])='GC' OR upper([PersonType])='SP' OR upper([PersonType])='EM' OR upper([PersonType])='IN' OR upper([PersonType])='VC' OR upper([PersonType])='SC')"
"1075839020::12048","CK_Person_EmailPromotion",Validation Rule,"","CK_Person_EmailPromotion"," BETWEEN 0 AND 2"
"1075839020::12382","CK_Product_SafetyStockLevel",Validation Rule,"","CK_Product_SafetyStockLevel","[SafetyStockLevel]>(0)"
"1075839020::12384","CK_Product_ReorderPoint",Validation Rule,"","CK_Product_ReorderPoint","[ReorderPoint]>(0)"
"1075839020::12386","CK_Product_StandardCost",Validation Rule,"","CK_Product_StandardCost"," >= 0.00"
"1075839020::12388","CK_Product_ListPrice",Validation Rule,"","CK_Product_ListPrice"," >= 0.00"
"1075839020::12390","CK_Product_Weight",Validation Rule,"","CK_Product_Weight","[Weight]>(0.00)"
"1075839020::12392","CK_Product_DaysToManufacture",Validation Rule,"","CK_Product_DaysToManufacture"," >= 0"
"1075839020::12394","CK_Product_ProductLine",Validation Rule,"","CK_Product_ProductLine","upper([ProductLine])='R' OR upper([ProductLine])='M' OR upper([ProductLine])='T' OR upper([ProductLine])='S' OR [ProductLine] IS NULL"
"1075839020::12396","CK_Product_Class",Validation Rule,"","CK_Product_Class","upper([Class])='H' OR upper([Class])='M' OR upper([Class])='L' OR [Class] IS NULL"
"1075839020::12398","CK_Product_Style",Validation Rule,"","CK_Product_Style","upper([Style])='U' OR upper([Style])='M' OR upper([Style])='W' OR [Style] IS NULL"
"1075839020::12416","CK_Product_SellEndDate",Validation Rule,"","CK_Product_SellEndDate","[SellEndDate]>=[SellStartDate] OR [SellEndDate] IS NULL"
"1075839020::12440","CK_ProductCostHistory_StandardCost",Validation Rule,"","CK_ProductCostHistory_StandardCost"," >= 0.00"
"1075839020::12448","CK_ProductCostHistory_EndDate",Validation Rule,"","CK_ProductCostHistory_EndDate","[EndDate]>=[StartDate] OR [EndDate] IS NULL"
"1075839020::12480","CK_ProductInventory_Shelf",Validation Rule,"","CK_ProductInventory_Shelf","[Shelf] like '[A-Za-z]' OR [Shelf]='N/A'"
"1075839020::12482","CK_ProductInventory_Bin",Validation Rule,"","CK_ProductInventory_Bin"," BETWEEN 0 AND 100"
"1075839020::12499","CK_ProductListPriceHistory_ListPrice",Validation Rule,"","CK_ProductListPriceHistory_ListPrice","[ListPrice]>(0.00)"
"1075839020::12507","CK_ProductListPriceHistory_EndDate",Validation Rule,"","CK_ProductListPriceHistory_EndDate","[EndDate]>=[StartDate] OR [EndDate] IS NULL"
"1075839020::12585","CK_ProductReview_Rating",Validation Rule,"","CK_ProductReview_Rating"," BETWEEN 1 AND 5"
"1075839020::12627","CK_ProductVendor_AverageLeadTime",Validation Rule,"","CK_ProductVendor_AverageLeadTime"," >= 1"
"1075839020::12629","CK_ProductVendor_StandardPrice",Validation Rule,"","CK_ProductVendor_StandardPrice","[StandardPrice]>(0.00)"
"1075839020::12631","CK_ProductVendor_LastReceiptCost",Validation Rule,"","CK_ProductVendor_LastReceiptCost","[LastReceiptCost]>(0.00)"
"1075839020::12633","CK_ProductVendor_MinOrderQty",Validation Rule,"","CK_ProductVendor_MinOrderQty"," >= 1"
"1075839020::12635","CK_ProductVendor_MaxOrderQty",Validation Rule,"","CK_ProductVendor_MaxOrderQty"," >= 1"
"1075839020::12637","CK_ProductVendor_OnOrderQty",Validation Rule,"","CK_ProductVendor_OnOrderQty"," >= 0"
"1075839020::12662","CK_PurchaseOrderDetail_OrderQty",Validation Rule,"","CK_PurchaseOrderDetail_OrderQty","[OrderQty]>(0)"
"1075839020::12664","CK_PurchaseOrderDetail_UnitPrice",Validation Rule,"","CK_PurchaseOrderDetail_UnitPrice"," >= 0.00"
"1075839020::12666","CK_PurchaseOrderDetail_ReceivedQty",Validation Rule,"","CK_PurchaseOrderDetail_ReceivedQty"," >= 0.00"
"1075839020::12668","CK_PurchaseOrderDetail_RejectedQty",Validation Rule,"","CK_PurchaseOrderDetail_RejectedQty"," >= 0.00"
"1075839020::12696","CK_PurchaseOrderHeader_Status",Validation Rule,"","CK_PurchaseOrderHeader_Status"," BETWEEN 1 AND 4"
"1075839020::12702","CK_PurchaseOrderHeader_SubTotal",Validation Rule,"","CK_PurchaseOrderHeader_SubTotal"," >= 0.00"
"1075839020::12706","CK_PurchaseOrderHeader_TaxAmt",Validation Rule,"","CK_PurchaseOrderHeader_TaxAmt"," >= 0.00"
"1075839020::12710","CK_PurchaseOrderHeader_Freight",Validation Rule,"","CK_PurchaseOrderHeader_Freight"," >= 0.00"
"1075839020::12725","CK_PurchaseOrderHeader_ShipDate",Validation Rule,"","CK_PurchaseOrderHeader_ShipDate","[ShipDate]>=[OrderDate] OR [ShipDate] IS NULL"
"1075839020::12835","CK_SalesOrderDetail_OrderQty",Validation Rule,"","CK_SalesOrderDetail_OrderQty","[OrderQty]>(0)"
"1075839020::12837","CK_SalesOrderDetail_UnitPrice",Validation Rule,"","CK_SalesOrderDetail_UnitPrice"," >= 0.00"
"1075839020::12839","CK_SalesOrderDetail_UnitPriceDiscount",Validation Rule,"","CK_SalesOrderDetail_UnitPriceDiscount"," >= 0.00"
"1075839020::12888","CK_SalesOrderHeader_Status",Validation Rule,"","CK_SalesOrderHeader_Status"," BETWEEN 0 AND 8"
"1075839020::12894","CK_SalesOrderHeader_SubTotal",Validation Rule,"","CK_SalesOrderHeader_SubTotal"," >= 0.00"
"1075839020::12898","CK_SalesOrderHeader_TaxAmt",Validation Rule,"","CK_SalesOrderHeader_TaxAmt"," >= 0.00"
"1075839020::12902","CK_SalesOrderHeader_Freight",Validation Rule,"","CK_SalesOrderHeader_Freight"," >= 0.00"
"1075839020::12925","CK_SalesOrderHeader_DueDate",Validation Rule,"","CK_SalesOrderHeader_DueDate","[DueDate]>=[OrderDate]"
"1075839020::12927","CK_SalesOrderHeader_ShipDate",Validation Rule,"","CK_SalesOrderHeader_ShipDate","[ShipDate]>=[OrderDate] OR [ShipDate] IS NULL"
"1075839020::12948","CK_SalesPerson_SalesQuota",Validation Rule,"","CK_SalesPerson_SalesQuota","[SalesQuota]>(0.00)"
"1075839020::12950","CK_SalesPerson_Bonus",Validation Rule,"","CK_SalesPerson_Bonus"," >= 0.00"
"1075839020::12954","CK_SalesPerson_CommissionPct",Validation Rule,"","CK_SalesPerson_CommissionPct"," >= 0.00"
"1075839020::12958","CK_SalesPerson_SalesYTD",Validation Rule,"","CK_SalesPerson_SalesYTD"," >= 0.00"
"1075839020::12962","CK_SalesPerson_SalesLastYear",Validation Rule,"","CK_SalesPerson_SalesLastYear"," >= 0.00"
"1075839020::12981","CK_SalesPersonQuotaHistory_SalesQuota",Validation Rule,"","CK_SalesPersonQuotaHistory_SalesQuota","[SalesQuota]>(0.00)"
"1075839020::13010","CK_SalesTaxRate_TaxType",Validation Rule,"","CK_SalesTaxRate_TaxType"," BETWEEN 1 AND 3"
"1075839020::13038","CK_SalesTerritory_SalesYTD",Validation Rule,"","CK_SalesTerritory_SalesYTD"," >= 0.00"
"1075839020::13042","CK_SalesTerritory_SalesLastYear",Validation Rule,"","CK_SalesTerritory_SalesLastYear"," >= 0.00"
"1075839020::13046","CK_SalesTerritory_CostYTD",Validation Rule,"","CK_SalesTerritory_CostYTD"," >= 0.00"
"1075839020::13050","CK_SalesTerritory_CostLastYear",Validation Rule,"","CK_SalesTerritory_CostLastYear"," >= 0.00"
"1075839020::13085","CK_SalesTerritoryHistory_EndDate",Validation Rule,"","CK_SalesTerritoryHistory_EndDate","[EndDate]>=[StartDate] OR [EndDate] IS NULL"
"1075839020::13121","CK_ShipMethod_ShipBase",Validation Rule,"","CK_ShipMethod_ShipBase","[ShipBase]>(0.00)"
"1075839020::13125","CK_ShipMethod_ShipRate",Validation Rule,"","CK_ShipMethod_ShipRate","[ShipRate]>(0.00)"
"1075839020::13148","CK_ShoppingCartItem_Quantity",Validation Rule,"","CK_ShoppingCartItem_Quantity"," >= 1"
"1075839020::13174","CK_SpecialOffer_DiscountPct",Validation Rule,"","CK_SpecialOffer_DiscountPct"," >= 0.00"
"1075839020::13178","CK_SpecialOffer_MinQty",Validation Rule,"","CK_SpecialOffer_MinQty"," >= 0"
"1075839020::13182","CK_SpecialOffer_MaxQty",Validation Rule,"","CK_SpecialOffer_MaxQty"," >= 0"
"1075839020::13194","CK_SpecialOffer_EndDate",Validation Rule,"","CK_SpecialOffer_EndDate","[EndDate]>=[StartDate]"
"1075839020::14653","CK_TransactionHistory_TransactionType",Validation Rule,"","CK_TransactionHistory_TransactionType","[]='P' OR []='S' OR []='W'"
"1075839020::14680","CK_TransactionHistoryArchive_TransactionType",Validation Rule,"","CK_TransactionHistoryArchive_TransactionType","[]='P' OR []='S' OR []='W'"
"1075839020::14713","CK_Vendor_CreditRating",Validation Rule,"","CK_Vendor_CreditRating"," BETWEEN 1 AND 5"
"1075839020::14738","CK_WorkOrder_OrderQty",Validation Rule,"","CK_WorkOrder_OrderQty","[OrderQty]>(0)"
"1075839020::14740","CK_WorkOrder_ScrappedQty",Validation Rule,"","CK_WorkOrder_ScrappedQty"," >= 0"
"1075839020::14753","CK_WorkOrder_EndDate",Validation Rule,"","CK_WorkOrder_EndDate","[EndDate]>=[StartDate] OR [EndDate] IS NULL"
"1075839020::14769","CK_WorkOrderRouting_ActualResourceHrs",Validation Rule,"","CK_WorkOrderRouting_ActualResourceHrs"," >= 0.0000"
"1075839020::14771","CK_WorkOrderRouting_PlannedCost",Validation Rule,"","CK_WorkOrderRouting_PlannedCost","[PlannedCost]>(0.00)"
"1075839020::14773","CK_WorkOrderRouting_ActualCost",Validation Rule,"","CK_WorkOrderRouting_ActualCost","[ActualCost]>(0.00)"
"1075839020::14785","CK_WorkOrderRouting_ScheduledEndDate",Validation Rule,"","CK_WorkOrderRouting_ScheduledEndDate","[ScheduledEndDate]>=[ScheduledStartDate]"
"1075839020::14787","CK_WorkOrderRouting_ActualEndDate",Validation Rule,"","CK_WorkOrderRouting_ActualEndDate","[ActualEndDate]>=[ActualStartDate] OR [ActualEndDate] IS NULL OR [ActualStartDate] IS NULL"
"1075839170::11292","DF_Address_rowguid",Default Constraint Usage,"","DF_Address_rowguid","newid()"
"1075839170::11294","DF_Address_ModifiedDate",Default Constraint Usage,"","DF_Address_ModifiedDate","getdate()"
"1075839170::11316","DF_AddressType_rowguid",Default Constraint Usage,"","DF_AddressType_rowguid","newid()"
"1075839170::11318","DF_AddressType_ModifiedDate",Default Constraint Usage,"","DF_AddressType_ModifiedDate","getdate()"
"1075839170::11333","DF_AWBuildVersion_ModifiedDate",Default Constraint Usage,"","DF_AWBuildVersion_ModifiedDate","getdate()"
"1075839170::11347","DF_BillOfMaterials_StartDate",Default Constraint Usage,"","DF_BillOfMaterials_StartDate","getdate()"
"1075839170::11351","DF_BillOfMaterials_PerAssemblyQty",Default Constraint Usage,"","DF_BillOfMaterials_PerAssemblyQty","1.00"
"1075839170::11353","DF_BillOfMaterials_ModifiedDate",Default Constraint Usage,"","DF_BillOfMaterials_ModifiedDate","getdate()"
"1075839170::11375","DF_BusinessEntity_rowguid",Default Constraint Usage,"","DF_BusinessEntity_rowguid","newid()"
"1075839170::11377","DF_BusinessEntity_ModifiedDate",Default Constraint Usage,"","DF_BusinessEntity_ModifiedDate","getdate()"
"1075839170::11390","DF_BusinessEntityAddress_rowguid",Default Constraint Usage,"","DF_BusinessEntityAddress_rowguid","newid()"
"1075839170::11392","DF_BusinessEntityAddress_ModifiedDate",Default Constraint Usage,"","DF_BusinessEntityAddress_ModifiedDate","getdate()"
"1075839170::11413","DF_BusinessEntityContact_rowguid",Default Constraint Usage,"","DF_BusinessEntityContact_rowguid","newid()"
"1075839170::11415","DF_BusinessEntityContact_ModifiedDate",Default Constraint Usage,"","DF_BusinessEntityContact_ModifiedDate","getdate()"
"1075839170::11434","DF_ContactType_ModifiedDate",Default Constraint Usage,"","DF_ContactType_ModifiedDate","getdate()"
"1075839170::11445","DF_CountryRegion_ModifiedDate",Default Constraint Usage,"","DF_CountryRegion_ModifiedDate","getdate()"
"1075839170::11456","DF_CountryRegionCurrency_ModifiedDate",Default Constraint Usage,"","DF_CountryRegionCurrency_ModifiedDate","getdate()"
"1075839170::11471","DF_CreditCard_ModifiedDate",Default Constraint Usage,"","DF_CreditCard_ModifiedDate","getdate()"
"1075839170::11482","DF_Culture_ModifiedDate",Default Constraint Usage,"","DF_Culture_ModifiedDate","getdate()"
"1075839170::11493","DF_Currency_ModifiedDate",Default Constraint Usage,"","DF_Currency_ModifiedDate","getdate()"
"1075839170::11508","DF_CurrencyRate_ModifiedDate",Default Constraint Usage,"","DF_CurrencyRate_ModifiedDate","getdate()"
"1075839170::11525","DF_Customer_rowguid",Default Constraint Usage,"","DF_Customer_rowguid","newid()"
"1075839170::11527","DF_Customer_ModifiedDate",Default Constraint Usage,"","DF_Customer_ModifiedDate","getdate()"
"1075839170::11556","DF_Department_ModifiedDate",Default Constraint Usage,"","DF_Department_ModifiedDate","getdate()"
"1075839170::11578","DF_Document_FolderFlag",Default Constraint Usage,"","DF_Document_FolderFlag","0"
"1075839170::11580","DF_Document_ChangeNumber",Default Constraint Usage,"","DF_Document_ChangeNumber","0"
"1075839170::11584","DF_Document_rowguid",Default Constraint Usage,"","DF_Document_rowguid","newid()"
"1075839170::11586","DF_Document_ModifiedDate",Default Constraint Usage,"","DF_Document_ModifiedDate","getdate()"
"1075839170::11613","DF_EmailAddress_rowguid",Default Constraint Usage,"","DF_EmailAddress_rowguid","newid()"
"1075839170::11615","DF_EmailAddress_ModifiedDate",Default Constraint Usage,"","DF_EmailAddress_ModifiedDate","getdate()"
"1075839170::11648","DF_Employee_SalariedFlag",Default Constraint Usage,"","DF_Employee_SalariedFlag","1"
"1075839170::11652","DF_Employee_VacationHours",Default Constraint Usage,"","DF_Employee_VacationHours","0"
"1075839170::11656","DF_Employee_SickLeaveHours",Default Constraint Usage,"","DF_Employee_SickLeaveHours","0"
"1075839170::11658","DF_Employee_CurrentFlag",Default Constraint Usage,"","DF_Employee_CurrentFlag","1"
"1075839170::11660","DF_Employee_rowguid",Default Constraint Usage,"","DF_Employee_rowguid","newid()"
"1075839170::11662","DF_Employee_ModifiedDate",Default Constraint Usage,"","DF_Employee_ModifiedDate","getdate()"
"1075839170::11690","DF_EmployeeDepartmentHistory_ModifiedDate",Default Constraint Usage,"","DF_EmployeeDepartmentHistory_ModifiedDate","getdate()"
"1075839170::11715","DF_EmployeePayHistory_ModifiedDate",Default Constraint Usage,"","DF_EmployeePayHistory_ModifiedDate","getdate()"
"1075839170::11730","DF_ErrorLog_ErrorTime",Default Constraint Usage,"","DF_ErrorLog_ErrorTime","getdate()"
"1075839170::11955","DF_Illustration_ModifiedDate",Default Constraint Usage,"","DF_Illustration_ModifiedDate","getdate()"
"1075839170::11965","DF_JobCandidate_ModifiedDate",Default Constraint Usage,"","DF_JobCandidate_ModifiedDate","getdate()"
"1075839170::11982","DF_Location_CostRate",Default Constraint Usage,"","DF_Location_CostRate","0.00"
"1075839170::11986","DF_Location_Availability",Default Constraint Usage,"","DF_Location_Availability","0.00"
"1075839170::11988","DF_Location_ModifiedDate",Default Constraint Usage,"","DF_Location_ModifiedDate","getdate()"
"1075839170::12001","DF_Password_rowguid",Default Constraint Usage,"","DF_Password_rowguid","newid()"
"1075839170::12003","DF_Password_ModifiedDate",Default Constraint Usage,"","DF_Password_ModifiedDate","getdate()"
"1075839170::12047","DF_Person_NameStyle",Default Constraint Usage,"","DF_Person_NameStyle","0"
"1075839170::12051","DF_Person_EmailPromotion",Default Constraint Usage,"","DF_Person_EmailPromotion","0"
"1075839170::12053","DF_Person_rowguid",Default Constraint Usage,"","DF_Person_rowguid","newid()"
"1075839170::12055","DF_Person_ModifiedDate",Default Constraint Usage,"","DF_Person_ModifiedDate","getdate()"
"1075839170::12077","DF_PersonCreditCard_ModifiedDate",Default Constraint Usage,"","DF_PersonCreditCard_ModifiedDate","getdate()"
"1075839170::12087","DF_PersonPhone_ModifiedDate",Default Constraint Usage,"","DF_PersonPhone_ModifiedDate","getdate()"
"1075839170::12100","DF_PhoneNumberType_ModifiedDate",Default Constraint Usage,"","DF_PhoneNumberType_ModifiedDate","getdate()"
"1075839170::12379","DF_Product_MakeFlag",Default Constraint Usage,"","DF_Product_MakeFlag","1"
"1075839170::12381","DF_Product_FinishedGoodsFlag",Default Constraint Usage,"","DF_Product_FinishedGoodsFlag","1"
"1075839170::12401","DF_Product_rowguid",Default Constraint Usage,"","DF_Product_rowguid","newid()"
"1075839170::12403","DF_Product_ModifiedDate",Default Constraint Usage,"","DF_Product_ModifiedDate","getdate()"
"1075839170::12423","DF_ProductCategory_rowguid",Default Constraint Usage,"","DF_ProductCategory_rowguid","newid()"
"1075839170::12425","DF_ProductCategory_ModifiedDate",Default Constraint Usage,"","DF_ProductCategory_ModifiedDate","getdate()"
"1075839170::12443","DF_ProductCostHistory_ModifiedDate",Default Constraint Usage,"","DF_ProductCostHistory_ModifiedDate","getdate()"
"1075839170::12455","DF_ProductDescription_rowguid",Default Constraint Usage,"","DF_ProductDescription_rowguid","newid()"
"1075839170::12457","DF_ProductDescription_ModifiedDate",Default Constraint Usage,"","DF_ProductDescription_ModifiedDate","getdate()"
"1075839170::12468","DF_ProductDocument_ModifiedDate",Default Constraint Usage,"","DF_ProductDocument_ModifiedDate","getdate()"
"1075839170::12485","DF_ProductInventory_Quantity",Default Constraint Usage,"","DF_ProductInventory_Quantity","0"
"1075839170::12487","DF_ProductInventory_rowguid",Default Constraint Usage,"","DF_ProductInventory_rowguid","newid()"
"1075839170::12489","DF_ProductInventory_ModifiedDate",Default Constraint Usage,"","DF_ProductInventory_ModifiedDate","getdate()"
"1075839170::12502","DF_ProductListPriceHistory_ModifiedDate",Default Constraint Usage,"","DF_ProductListPriceHistory_ModifiedDate","getdate()"
"1075839170::12518","DF_ProductModel_rowguid",Default Constraint Usage,"","DF_ProductModel_rowguid","newid()"
"1075839170::12520","DF_ProductModel_ModifiedDate",Default Constraint Usage,"","DF_ProductModel_ModifiedDate","getdate()"
"1075839170::12536","DF_ProductModelIllustration_ModifiedDate",Default Constraint Usage,"","DF_ProductModelIllustration_ModifiedDate","getdate()"
"1075839170::12546","DF_ProductModelProductDescriptionCulture_ModifiedDate",Default Constraint Usage,"","DF_ProductModelProductDescriptionCulture_ModifiedDate","getdate()"
"1075839170::12559","DF_ProductPhoto_ModifiedDate",Default Constraint Usage,"","DF_ProductPhoto_ModifiedDate","getdate()"
"1075839170::12568","DF_ProductProductPhoto_Primary",Default Constraint Usage,"","DF_ProductProductPhoto_Primary","0"
"1075839170::12570","DF_ProductProductPhoto_ModifiedDate",Default Constraint Usage,"","DF_ProductProductPhoto_ModifiedDate","getdate()"
"1075839170::12584","DF_ProductReview_ReviewDate",Default Constraint Usage,"","DF_ProductReview_ReviewDate","getdate()"
"1075839170::12588","DF_ProductReview_ModifiedDate",Default Constraint Usage,"","DF_ProductReview_ModifiedDate","getdate()"
"1075839170::12604","DF_ProductSubcategory_rowguid",Default Constraint Usage,"","DF_ProductSubcategory_rowguid","newid()"
"1075839170::12606","DF_ProductSubcategory_ModifiedDate",Default Constraint Usage,"","DF_ProductSubcategory_ModifiedDate","getdate()"
"1075839170::12640","DF_ProductVendor_ModifiedDate",Default Constraint Usage,"","DF_ProductVendor_ModifiedDate","getdate()"
"1075839170::12671","DF_PurchaseOrderDetail_ModifiedDate",Default Constraint Usage,"","DF_PurchaseOrderDetail_ModifiedDate","getdate()"
"1075839170::12695","DF_PurchaseOrderHeader_RevisionNumber",Default Constraint Usage,"","DF_PurchaseOrderHeader_RevisionNumber","0"
"1075839170::12699","DF_PurchaseOrderHeader_Status",Default Constraint Usage,"","DF_PurchaseOrderHeader_Status","1"
"1075839170::12701","DF_PurchaseOrderHeader_OrderDate",Default Constraint Usage,"","DF_PurchaseOrderHeader_OrderDate","getdate()"
"1075839170::12705","DF_PurchaseOrderHeader_SubTotal",Default Constraint Usage,"","DF_PurchaseOrderHeader_SubTotal","0.00"
"1075839170::12709","DF_PurchaseOrderHeader_TaxAmt",Default Constraint Usage,"","DF_PurchaseOrderHeader_TaxAmt","0.00"
"1075839170::12713","DF_PurchaseOrderHeader_Freight",Default Constraint Usage,"","DF_PurchaseOrderHeader_Freight","0.00"
"1075839170::12715","DF_PurchaseOrderHeader_ModifiedDate",Default Constraint Usage,"","DF_PurchaseOrderHeader_ModifiedDate","getdate()"
"1075839170::12842","DF_SalesOrderDetail_UnitPriceDiscount",Default Constraint Usage,"","DF_SalesOrderDetail_UnitPriceDiscount","0.0"
"1075839170::12844","DF_SalesOrderDetail_rowguid",Default Constraint Usage,"","DF_SalesOrderDetail_rowguid","newid()"
"1075839170::12846","DF_SalesOrderDetail_ModifiedDate",Default Constraint Usage,"","DF_SalesOrderDetail_ModifiedDate","getdate()"
"1075839170::12885","DF_SalesOrderHeader_RevisionNumber",Default Constraint Usage,"","DF_SalesOrderHeader_RevisionNumber","0"
"1075839170::12887","DF_SalesOrderHeader_OrderDate",Default Constraint Usage,"","DF_SalesOrderHeader_OrderDate","getdate()"
"1075839170::12891","DF_SalesOrderHeader_Status",Default Constraint Usage,"","DF_SalesOrderHeader_Status","1"
"1075839170::12893","DF_SalesOrderHeader_OnlineOrderFlag",Default Constraint Usage,"","DF_SalesOrderHeader_OnlineOrderFlag","1"
"1075839170::12897","DF_SalesOrderHeader_SubTotal",Default Constraint Usage,"","DF_SalesOrderHeader_SubTotal","0.00"
"1075839170::12901","DF_SalesOrderHeader_TaxAmt",Default Constraint Usage,"","DF_SalesOrderHeader_TaxAmt","0.00"
"1075839170::12905","DF_SalesOrderHeader_Freight",Default Constraint Usage,"","DF_SalesOrderHeader_Freight","0.00"
"1075839170::12907","DF_SalesOrderHeader_rowguid",Default Constraint Usage,"","DF_SalesOrderHeader_rowguid","newid()"
"1075839170::12909","DF_SalesOrderHeader_ModifiedDate",Default Constraint Usage,"","DF_SalesOrderHeader_ModifiedDate","getdate()"
"1075839170::12934","DF_SalesOrderHeaderSalesReason_ModifiedDate",Default Constraint Usage,"","DF_SalesOrderHeaderSalesReason_ModifiedDate","getdate()"
"1075839170::12953","DF_SalesPerson_Bonus",Default Constraint Usage,"","DF_SalesPerson_Bonus","0.00"
"1075839170::12957","DF_SalesPerson_CommissionPct",Default Constraint Usage,"","DF_SalesPerson_CommissionPct","0.00"
"1075839170::12961","DF_SalesPerson_SalesYTD",Default Constraint Usage,"","DF_SalesPerson_SalesYTD","0.00"
"1075839170::12965","DF_SalesPerson_SalesLastYear",Default Constraint Usage,"","DF_SalesPerson_SalesLastYear","0.00"
"1075839170::12967","DF_SalesPerson_rowguid",Default Constraint Usage,"","DF_SalesPerson_rowguid","newid()"
"1075839170::12969","DF_SalesPerson_ModifiedDate",Default Constraint Usage,"","DF_SalesPerson_ModifiedDate","getdate()"
"1075839170::12984","DF_SalesPersonQuotaHistory_rowguid",Default Constraint Usage,"","DF_SalesPersonQuotaHistory_rowguid","newid()"
"1075839170::12986","DF_SalesPersonQuotaHistory_ModifiedDate",Default Constraint Usage,"","DF_SalesPersonQuotaHistory_ModifiedDate","getdate()"
"1075839170::12999","DF_SalesReason_ModifiedDate",Default Constraint Usage,"","DF_SalesReason_ModifiedDate","getdate()"
"1075839170::13013","DF_SalesTaxRate_TaxRate",Default Constraint Usage,"","DF_SalesTaxRate_TaxRate","0.00"
"1075839170::13015","DF_SalesTaxRate_rowguid",Default Constraint Usage,"","DF_SalesTaxRate_rowguid","newid()"
"1075839170::13017","DF_SalesTaxRate_ModifiedDate",Default Constraint Usage,"","DF_SalesTaxRate_ModifiedDate","getdate()"
"1075839170::13041","DF_SalesTerritory_SalesYTD",Default Constraint Usage,"","DF_SalesTerritory_SalesYTD","0.00"
"1075839170::13045","DF_SalesTerritory_SalesLastYear",Default Constraint Usage,"","DF_SalesTerritory_SalesLastYear","0.00"
"1075839170::13049","DF_SalesTerritory_CostYTD",Default Constraint Usage,"","DF_SalesTerritory_CostYTD","0.00"
"1075839170::13053","DF_SalesTerritory_CostLastYear",Default Constraint Usage,"","DF_SalesTerritory_CostLastYear","0.00"
"1075839170::13055","DF_SalesTerritory_rowguid",Default Constraint Usage,"","DF_SalesTerritory_rowguid","newid()"
"1075839170::13057","DF_SalesTerritory_ModifiedDate",Default Constraint Usage,"","DF_SalesTerritory_ModifiedDate","getdate()"
"1075839170::13074","DF_SalesTerritoryHistory_rowguid",Default Constraint Usage,"","DF_SalesTerritoryHistory_rowguid","newid()"
"1075839170::13076","DF_SalesTerritoryHistory_ModifiedDate",Default Constraint Usage,"","DF_SalesTerritoryHistory_ModifiedDate","getdate()"
"1075839170::13091","DF_ScrapReason_ModifiedDate",Default Constraint Usage,"","DF_ScrapReason_ModifiedDate","getdate()"
"1075839170::13104","DF_Shift_ModifiedDate",Default Constraint Usage,"","DF_Shift_ModifiedDate","getdate()"
"1075839170::13124","DF_ShipMethod_ShipBase",Default Constraint Usage,"","DF_ShipMethod_ShipBase","0.00"
"1075839170::13128","DF_ShipMethod_ShipRate",Default Constraint Usage,"","DF_ShipMethod_ShipRate","0.00"
"1075839170::13130","DF_ShipMethod_rowguid",Default Constraint Usage,"","DF_ShipMethod_rowguid","newid()"
"1075839170::13132","DF_ShipMethod_ModifiedDate",Default Constraint Usage,"","DF_ShipMethod_ModifiedDate","getdate()"
"1075839170::13151","DF_ShoppingCartItem_Quantity",Default Constraint Usage,"","DF_ShoppingCartItem_Quantity","1"
"1075839170::13153","DF_ShoppingCartItem_DateCreated",Default Constraint Usage,"","DF_ShoppingCartItem_DateCreated","getdate()"
"1075839170::13155","DF_ShoppingCartItem_ModifiedDate",Default Constraint Usage,"","DF_ShoppingCartItem_ModifiedDate","getdate()"
"1075839170::13177","DF_SpecialOffer_DiscountPct",Default Constraint Usage,"","DF_SpecialOffer_DiscountPct","0.00"
"1075839170::13181","DF_SpecialOffer_MinQty",Default Constraint Usage,"","DF_SpecialOffer_MinQty","0"
"1075839170::13185","DF_SpecialOffer_rowguid",Default Constraint Usage,"","DF_SpecialOffer_rowguid","newid()"
"1075839170::13187","DF_SpecialOffer_ModifiedDate",Default Constraint Usage,"","DF_SpecialOffer_ModifiedDate","getdate()"
"1075839170::13201","DF_SpecialOfferProduct_rowguid",Default Constraint Usage,"","DF_SpecialOfferProduct_rowguid","newid()"
"1075839170::13203","DF_SpecialOfferProduct_ModifiedDate",Default Constraint Usage,"","DF_SpecialOfferProduct_ModifiedDate","getdate()"
"1075839170::13305","DF_StateProvince_IsOnlyStateProvinceFlag",Default Constraint Usage,"","DF_StateProvince_IsOnlyStateProvinceFlag","1"
"1075839170::13307","DF_StateProvince_rowguid",Default Constraint Usage,"","DF_StateProvince_rowguid","newid()"
"1075839170::13309","DF_StateProvince_ModifiedDate",Default Constraint Usage,"","DF_StateProvince_ModifiedDate","getdate()"
"1075839170::13331","DF_Store_rowguid",Default Constraint Usage,"","DF_Store_rowguid","newid()"
"1075839170::13333","DF_Store_ModifiedDate",Default Constraint Usage,"","DF_Store_ModifiedDate","getdate()"
"1075839170::14650","DF_TransactionHistory_ReferenceOrderLineID",Default Constraint Usage,"","DF_TransactionHistory_ReferenceOrderLineID","0"
"1075839170::14652","DF_TransactionHistory_TransactionDate",Default Constraint Usage,"","DF_TransactionHistory_TransactionDate","getdate()"
"1075839170::14656","DF_TransactionHistory_ModifiedDate",Default Constraint Usage,"","DF_TransactionHistory_ModifiedDate","getdate()"
"1075839170::14677","DF_TransactionHistoryArchive_ReferenceOrderLineID",Default Constraint Usage,"","DF_TransactionHistoryArchive_ReferenceOrderLineID","0"
"1075839170::14679","DF_TransactionHistoryArchive_TransactionDate",Default Constraint Usage,"","DF_TransactionHistoryArchive_TransactionDate","getdate()"
"1075839170::14683","DF_TransactionHistoryArchive_ModifiedDate",Default Constraint Usage,"","DF_TransactionHistoryArchive_ModifiedDate","getdate()"
"1075839170::14698","DF_UnitMeasure_ModifiedDate",Default Constraint Usage,"","DF_UnitMeasure_ModifiedDate","getdate()"
"1075839170::14716","DF_Vendor_PreferredVendorStatus",Default Constraint Usage,"","DF_Vendor_PreferredVendorStatus","1"
"1075839170::14718","DF_Vendor_ActiveFlag",Default Constraint Usage,"","DF_Vendor_ActiveFlag","1"
"1075839170::14720","DF_Vendor_ModifiedDate",Default Constraint Usage,"","DF_Vendor_ModifiedDate","getdate()"
"1075839170::14743","DF_WorkOrder_ModifiedDate",Default Constraint Usage,"","DF_WorkOrder_ModifiedDate","getdate()"
"1075839170::14776","DF_WorkOrderRouting_ModifiedDate",Default Constraint Usage,"","DF_WorkOrderRouting_ModifiedDate","getdate()"
